title,ups
Post-Undergrad soon! I need help what to do afterwards!,2
Internship Advice,4
Is getting an HRIS Certification worth it?,1
Want tips and suggestions for a newbie starting in HRDM io,4
Career Search Milwaukee Area,5
Newcomer,6
Question on submissions for and/or presenting at SIOP,1
"Bi-Weekly /r/IOpsychology Discussion - What have you been reading, and what do you think of it?",2
What skills do you actually need to get into people analytics?,4
"Clinical Psychology, I/O Psychology, and MBA (India) – need honest advice",5
Why do a few people run with AI while most don’t?,0
Question/Advice,2
The Performance Review Crisis: Evaluating Proficiency in the New Era,6
I want in (and out),0
Looking for Brutally Honest Career Advice,11
SIOP releasing my personal info?,23
Why ruthless characters rise at work and why some managers choose them,12
Are there any organizational leaders here who have been impacted by DEI backlash and retrenchment policies? [United Stated],12
Bachelor's Dregree Jobs,5
Free Conference at NYU,6
"Graduating Soon, and Looking for Work/ Help. MD/ D.C. Local,",8
Entry level services for new Organizational psychologist in 2026?,0
What should I expect from a psychological assessment for a job?,0
Contractions by Mike Bartlett,0
FIOP Event: Career Transitions,5
Is it possible to get into hr or people analytics while studying i/o psychology masters distance?,7
Seeking career advice,10
I’m looking to change majors and my school offers a bachelor business administration with a concentration of IO Psychology. What possibilities would open up?,6
Data “?’s” from an undergrad,2
scared i have committed to traditional hr,22
Looking to connect with peers,21
"Bi-Weekly /r/IOpsychology Discussion - What have you been reading, and what do you think of it?",8
This is like that Edwardo Salas article all over again,16
Next Steps,5
Is I-O psychology still relevant in 2026?,29
Job market internationally,6
"If everyone has AI tools, why are only a few employees seeing real productivity gains?",4
Is I-O psychology still relevant in 2026?,1
Anyone have a headhunter referral?,21
Engineering Student Seeking Best Practices for Studying I/O Psychology,6
I/O Psych bachelor’s + L&amp;D experience—what roles should I realistically be targeting?,12
You are cordially invited to the 4TH ANNUAL IO Psychology Discord Meetup,48
"Talent Management Program Manager in Cupertino, CA",16
Continuous overall scores but categorical subscales,7
Community Build: Practical Guide to Getting Your First Applied I/O Job,51
Ph.D. Holder Can't Find a Job,46
I/O Psychology Career Paths,15
"Bi-Weekly /r/IOpsychology Discussion - What have you been reading, and what do you think of it?",7
Scales to measure inclusion,6
skills to brush up on,18
FIOP Event: Collaboration and Creativity at NASA,9
Hi all interview,3
My People Analytics job hunt,101
Possible webinar on AI survey fraud. What questions should it cover?,7
Anyone here interviewed for a Change Management Consultant role at BDO?,11
Built an LLM-driven vocational assessment system for neurodivergent populations — looking for specialist critique,8
We measured how often real applicants use GenAI on pre-hire assessments (and if warnings actually stop them),6
Study abroad changes my post-grad plans..advice?,8
Psychology Crisis,2
how can I better equip myself for working in I/O ?,9
Can Io psychology lead to market research and consumer psychology?,3
What did you do with your M.S. I-O degree when you first graduated?,25
What do you believe is the most helpful textbook or resource in learning organizational psychology?,11
I/O Psychologists’ ROI for a company?,19
"Bi-Weekly /r/IOpsychology Discussion - What have you been reading, and what do you think of it?",6
Practical experience,10
Exploring I/O Psychology Career Opportunities in the Federal Government,3
Need help conducting my first employee survey,7
Most people don't know what I/O Psych is,0
Single Courses with Practical Application,1
Come work with me this summer at Roblox! People Science - PhD Internship,34
"I need to interview an I/O Psychologist, Can someone in the Profession help please ?",9
Internships between undergrad and grad school,6
Regretting my I/O MS; Can’t find work; Advice on next steps,58
OPM formally proposes limiting top performance ratings for federal workers,15
Skills assessment for coding will become legal risks,0
Looking for advice: Should I give my opinions on process improvements etc. before leaving my job?,7
Career Path Advice,4
Career Advice as an Unsure PhD,17
"SIOP’s “Rule of Three” for thee, not for me?",48
"Bi-Weekly /r/IOpsychology Discussion - What have you been reading, and what do you think of it?",4
What is the best strategy for creating a wellness survey that only allows 3 questions?,6
TEDx and Other Speaking Opportunities,2
Where do you see the biggest disconnect between IO research and People Analytics practice?,13
Upskilling suggestions to get into consulting ultimately,6
Assistantship funding question,6
Has anyone ever used this tool called Deeper Signals?,11
Feeling hopeless trying to land an IO job in the UK. Need advice,7
Do entry level opportunities in IO exist anymore?,48
Need career advice,13
Certified Wellness Practitioner??,7
Where do I find Research opportunities?,10
"Bi-Weekly /r/IOpsychology Discussion - What have you been reading, and what do you think of it?",4
Where to start with freelancing / independent consulting?,12
International conference alternatives to SIOP?,4
Question re the tech stack used regularly as an I/O Psych,14
Is it risky too pursue masters in I/O Psychology?,10
Business Psych major or do I stay a Psych major?,0
How to pivot after Interview &amp; Candidate Assessment role,2
For students interested in I/O Psychology Graduate School,1
Where are the entry-level experience roles for IO psychologists heading?,23
Communication in the workplace,9
Questions via career path,4
Questions for those currently working in I/O Psych,1
What are some negative traits you’ve seen from people who don’t go far in your field?,21
Internship Help,14
Single (not poster) SIOP submissions - worth pursuing?,13
Org obligations &amp; liabilities re: specific legal concerns being disclosed on anonymous survey - need advise/perspective,10
Job Applicants Sue A.I. Recruitment Tool Company,60
Regarding AI and Learning &amp; Development,15
"Bi-Weekly /r/IOpsychology Discussion - What have you been reading, and what do you think of it?",3
Sharing an applied IO role and hoping to reach more of the IO community,43
Industrial Organizational Psychology VS Counselling Psychology,11
Learning Public Health / Organizational Psychology,2
How competitive is the I/O Psychology job market?,7
Help with Job Hunting for after MSIO graduation,4
Should I pursue IO psychology straight out of undergrad or should I gain experience first?,5
"In final year of Masters program, how far in advance to apply for jobs?",10
I/O Background to Safety,3
Psychological experiments / videos that can be linked to safety behavior at work (production environment),5
Breaking into IO Psych in NZ?,4
Job Advice for M.S. IOP,19
Working with individuals,3
"Poster accepted at SIOP, by reviewer feedback was clearly for a different submission",32
Is I/O Psych good for Organizational Development,15
What roles in IO Psych are mostly people facing?,4
2026 SIOP Decisions ?,17
Strategic Workforce Planning,6
"For anyone that got an I/O degree for the security of a job, rather than the passion for the field, what are you doing?",24
People working in Organizational : what does your day-to-day actually look like?,5
Is IO masters worth it when going into analysis/HR industry?,9
Edgar Schein's Organizational Culture Model and underlying assumptions,13
What type of consulting for IO Psychologist?,12
Which role in IO psychology or related to it is not much people facing and I get to work on behind the scene?,3
"Bi-Weekly /r/IOpsychology Discussion - What have you been reading, and what do you think of it?",5
EO 14281 and Meritocracy: Are Organizations Finally Free to Hire the Best?,0
If I were pursuing an I-O program today…,39
Will a Master's In IO Psychology Be Worth It?,14
Feeling lost with my SOP/ Motivation Letter,6
Best part-time job roles for someone transferring into a Psych BA and aiming for I/O Psych?,13
New PhD feeling unsure about applied job market,28
SIOP Decisions,2
"Bi-Weekly /r/IOpsychology Discussion - What have you been reading, and what do you think of it?",5
Early Career Advice,8
Good podcasts on IO Psych?,13
What big things have we learned in the past 20 years?,57
Entry level jobs for non graduate degree holders in IO Psych?,2
Book recommendations?,4
Advice Needed: Best Master’s Path After a BS in Psychology,8
Let Me In,11
Looking for Current/Prospective student's to apply to our PhD Program. Binghamton University PhD in Management,23
Help with testing for recruiting,5
Data quality issues on online panels,3
Considering I/O psyc or something similar 101. Looking for input.,7
Do practicing I/O Psychologists actually use the Big Five (OCEAN)?,24
r/psychometrics has reopened! I'm the new moderator!,22
Are there any non-graduate degree options for someone with experience?,2
"Bi-Weekly /r/IOpsychology Discussion - What have you been reading, and what do you think of it?",3
Any IO psych or OD side gigs/local group,5
IO Psych job market?,15
Is IO Psychology a good mix with B.S. in Computer Science and an MBA?,9
New Skills/certificate courses to acquire into Learning and Development,4
What's your day-to-day like in your IO specialty?,9
"Introducing the The Synthetic Nomological Net: A search engine to find 74,000+ scales in psychology",51
Job?,1
Advice for autistic early-career I/Os?,12
"Bi-Weekly /r/IOpsychology Discussion - What have you been reading, and what do you think of it?",3
New Move/ Job Search,5
Need career advice 🚨,4
The Impact of Social and Informational Biases on Job-Search Decision-Making,1
Job Search Advice,2
just graduated,0
Do I need to go back to school to get into IO Psych?,3
The Impact of Social and Informational Biases on Job-Search Decision-Making,1
Psychological Preferences in Job Choice: Growth vs Security &amp; Fixed vs Variable Pay (Analysis of 130 Survey Responses),6
I/Os: What are the biggest bottlenecks in assessment development and validation?,4
"Master’s thesis in psychoanalysis topic. Please help out with some topics, titles, especially if you work I the field. I want to keeep it mainly theoretical, without the presentation of my cases",0
Feeling like my PhD maybe useless,9
"About to graduate my master's in IO, any recommendations for essential readings for people entering the job market?",14
Free Hogan Personality Test legitimate?,0
"Bi-Weekly /r/IOpsychology Discussion - What have you been reading, and what do you think of it?",2
"How long is ""lately"" in ""what have you done for me lately?""",1
Certification,4
New research on how algorithmic systems transform memory and identity formation,4
Career/Academic Guidance with IO and AI,7
"Do you guys have mentors? If yes, how did you go about finding one? And how much impact has having a mentor had on you and your career?",11
Advice on membership networking platforms,2
Advice on balancing academic rigor with user friendliness,3
What motivated you to choose I/O psychology compared to other fields of psychology?,20
SIOP Board Elections Now Open,7
Seeking Advice on Remote Internships for a Recent Graduate,5
How to not lose your humanity for the people in the organization,13
Outcomes data on performance management,5
Hs senior needs advice on classes,3
Considering IO Psychology,3
"Bi-Weekly /r/IOpsychology Discussion - What have you been reading, and what do you think of it?",3
Advice from ye elders please 🙏,0
Prevalence and future of IO jobs in East and South East Asia?,2
Need guidance about my future carrier,6
Looking for help,1
Must read books to understand/work with blue collar workers?,14
Career advice,1
Help me think through a pathway,0
Internship post undergrad,4
Capstone Project Anxiety,1
Graduate School Dilemma,3
Looking for advice with onboarding,6
Psychometricians Discord Community,26
"As an adjunct who’s watched three years of I/O M.A. students struggle to find jobs, its a problem.",148
Research help,5
IO job search help,10
"Bi-Weekly /r/IOpsychology Discussion - What have you been reading, and what do you think of it?",4
Employee Recognition Program,8
SIOP submission,1
Workplace,0
Career change,11
"Bi-Weekly /r/IOpsychology Discussion - What have you been reading, and what do you think of it?",4
Submit to SIOP Pre-Conference Research Community Forums!,11
Personnel Selection &amp; Assessment Help!,7
Launching a A Community Dedicated to Survey Fraud Detection,19
I’m in the interview process for a finance job and the last step is talking to an Industrial Psychologist.  Any advice?,7
Trying to discern the appropriate degree but I feel like it's a Catch-22,8
SIOP,14
Best platform for io psychology online,0
"IO psychology openhouse at Montclair State University, Oct 26",14
Purdue I-O PhD Virtual Info Session,21
Career advice please 🙏,4
Would a masters in io make sense for me as a marketer at a law firm that doesn’t have structure?,3
"Ha senso fare un master in psicologia del lavoro, I/O, Risorse umane dopo una magistrale in psicologia clinica?",0
Looking for help with Onboarding,6
Question - Applying for Jobs,5
"Bi-Weekly /r/IOpsychology Discussion - What have you been reading, and what do you think of it?",3
Is pursuing a masters in I/O the correct decision?,10
Possible IO Masters?,1
October Consortium Dress Code,7
what does the job market for IOP look like in New Zealand?,5
I/O masters- worth it?,4
"exploring IO for my masters, need some advice!",2
Do not discourage empathetic I/O Psychologists or students,3
When did you know what you wanted to do?,3
Career/Grad School Help!,7
"Good people of this subreddit, I need your help!",1
HR Certification or No?,5
Generational differences in negotiation &amp; conflict - how are orgs actually addressing this?,1
IO Psychology and Job Applications,8
Do I need a masters in I/O?,6
ma in i/o or mba?,3
Occupational Health Psychology,6
How to Break Into the I/O Psychology Field,14
Statistics Courses,4
Is there a best school for people analytics?,4
PhD in I/O Psychology vs PhD in Organizational Behavior,13
Lost in I/O Psych - Update,20
SIOP 2026 submissions,5
"Bi-Weekly /r/IOpsychology Discussion - What have you been reading, and what do you think of it?",2
What's the mindset?,4
Breaking into I/O,31
"AMA - HR Director, Hiring Manager, ATS Owner",0
Class of 2025/2026 - How can I help?,55
IO Psychology vs Psychology,5
What makes an IO Psychologist a psychologist?,0
Marketing for an organizational psychology consultation business,1
Should I be concerned about my sub-par GRE score for PhD apps?,5
Does anyone have a PDF copy of Industrial/Organizational Psychology: Understanding the Workplace?,0
Share your success story? Feeling behind and anxious about PhD,13
SIOP 2026 - thoughts?,7
Advice and Questions,7
Looking for internship Spring 2026,0
Please help me out!,0
Confused,12
"Bi-Weekly /r/IOpsychology Discussion - What have you been reading, and what do you think of it?",3
Claremon PsyD in Org Psych Acceptance,5
Finding a job,24
ChatGPT to create/test surveys?,0
Career future with IO Master degree in EU countries?,2
Can I get into PhD/PsyD?,7
how can you begin to build a safe and respectful workplace in a violent and toxic enviroment?,13
What’s the #1 challenge stopping HR from shaping company culture where you work?,28
Career Advice,7
Program Directory,2
Advice for I/O Psychology Masters,4
New Physician Leader: Building a Team and Seeking Your Advice,8
Media discourse patterns predict organizational reform success: Analysis of military training accidents reveals how public narratives shape institutional learning,5
Searching Remote Research Opportunity to Strengthen PhD Application (IO Psych &amp; OB),6
Asking for Informational Interviews/Coffee Chats,11
"Bi-Weekly /r/IOpsychology Discussion - What have you been reading, and what do you think of it?",4
IO psychology scope in India,0
How do I break in and get my foot in the door?,11
Essential home library reference texts,10
Advice for my career path?,2
Hiring People Analytics Analyst,61
O/I Psych cert/degree considerations,0
Seeking Remote Research Opportunity to Strengthen PhD Application (I/O Psych / OB / Workplace Inclusion),1
How I think about the question about breaking into the IO psychology field,11
Working in I/O Psych with another specialty,3
About to Have My Baby &amp; Finish My Psych Degree(Bach) .Stuck between Rad Tech or I/O Master's in Houston? Need Real Salaries 🙏,8
Anyone else so disheartened by all the recent back sliding?,247
Data Analysts,17
is it okay to dislike an internship experience?,13
"Starting my masters in counseling, but want to switch to io psychology",2
Need Some Advice,0
IO Psych Grad from India Seeking Global Career Guidance,3
Looking for advise for work within I/O Psychology,4
Organization chart for 3D companies,2
"Bi-Weekly /r/IOpsychology Discussion - What have you been reading, and what do you think of it?",5
"Can we just admit it? I-O master’s programs have drifted into a direct continuation of the general psych B.A., promising that two more graduate years (on top of a four-year degree) will create an all-purpose “workplace scientist.” That pitch is unrealistic and predatory, and the programs know it.",80
Is I/O Right For Me?,6
Widespread Relativism in IO,0
Insight? Should I get my doctorate in I/O Psychology,5
What areas of IO Psychology are you most passionate about and why?,37
Can someone list the ways to cure burnout?,0
Feedback on qualitative analytics tool,6
Part Time IO Work?,13
Is there room for stock market behavior/finance in IO? Considering studying this field,4
Current IO professionals: How much do you use what you learned?,15
"Bi-Weekly /r/IOpsychology Discussion - What have you been reading, and what do you think of it?",5
What is bad in the job market and why?,23
A.I Taking Over,19
is getting your PhD worth it?,11
[US] Job market for international students/graduates,4
How realistic is it to pivot to an OB PhD after b-school with no research experience?,1
What is the view of IO psychology of workplace participation by employees ?,3
AI Courses/Certifications,6
IO Psychology entrance exam prep,0
Potentially Unpopular Opinion/Expressing Concern,61
Standard Resume and Education &amp; Experience Exams,2
"Just finished undergrad in psychology, starting MSc in Occupational &amp; Organisational Psychology at Liverpool this September. Want to get into HR. Any advice?",4
Thesis Dilemma,1
Job market is so bad,116
"If you could design your own I/O-focused undergrad program, what would you include?",8
Recent I/O Psych BS Graduate,3
experience building,1
Reflective Question for Fellow I-O Practitioners: What Commonly Accepted Practices Have You Seen Cause Unintended Harm?,21
Planning Independent Research in Final Year. Will It Help for Master's Scholarships?,2
🎓 Current I-O Psychology Grad Student Seeking Real-World Insight — Is This the Right Career Path?,0
I/O psychologist!! Few questions,0
Searching for a postdoc where I can study female-female rivalry in the workplace?,0
Stupid question of the week,3
Advancing in Career,4
Can’t find my footing,38
What certifications (if any) are worth getting for industry work?,3
Frustrations explaining what IO is,41
Recent Psychology BS Grad looking for advice/info about the field!,6
"Bi-Weekly /r/IOpsychology Discussion - What have you been reading, and what do you think of it?",7
Need advice on transitioning to I/O Psychology,3
How Is The Work,0
Perceived Fairness,12
UPSKILL query,7
IO at SPSSI,5
Data Cleaning &amp; Analysis - Asking for Thesis Advisor Help?,7
Hi! Undergrad right now with a major in psych!,1
Better Upward Mobility: MSIO or HRM Masters,9
Truth of why nobody’s buying or investing in IO psych,56
Is Organizational Psychology the same as Industrial Organizational Psychology,7
SPSS is good enough for me and my job.,92
When someone says IO Psych? So... like therapy at work?,15
[OC] I/O Psychology Salary Before and After Adjustment for Cost Of Living by State,45
"Bi-Weekly /r/IOpsychology Discussion - What have you been reading, and what do you think of it?",7
"Job opportunities,salaries etc.",0
ODU removes IO programs,37
Incoming Graduate Student!!,11
I need someone who works in the field of IO Psyc to inform me.,0
Looking for an Industrial Psychologist in Thailand or Singapore,0
self-report instrument to assess executive functions,0
IO-PHD admits- what was your GRE Score?,4
Org Psychs in Australia/Vic – Career Insights?,7
Required Time Off,9
Transition from people analytics to business analytics (and back),20
State of debate/research on manager effectiveness &amp; manager-employee relationship?,16
Master’s Thesis Struggle 😭,13
Current undergrad exploring I/O,12
Harvard has revoked tenure from Francesca Gino,126
"Bi-Weekly /r/IOpsychology Discussion - What have you been reading, and what do you think of it?",6
Judge allows Workday AI bias lawsuit to proceed as collective action,50
Online degrees - Good idea or waste of time?,3
I/O Jobs,0
Question about the reality of organizational psych. Need help,18
Preparing for A Career,4
Next steps after undergrad - advice?,2
Fresh Graduate. Next Steps In zny Joirney,0
Would you take this job as an I-O psych grad?,32
Preparing for a Sr. People Analytics Consultant interview!,12
Advice for a Hopeful I/O Psychology Student?,1
Prevalence of Personality Disorders,10
In what way will our lives benefit from sessions with an industrial psychologist?,0
Need help as a foreign student,1
"New Research: How ""Digital Climate"" Impacts Employee Wellbeing During Digital Transformation",17
Need serious help with internship project!,2
Book recommendations,8
Want to know about I/O psychologist.... Thinking of becoming one,3
"Bi-Weekly /r/IOpsychology Discussion - What have you been reading, and what do you think of it?",2
Thoughts on the I-O certificate announced by SIOP?,51
Best AI for analyses?,0
Why does it seem that so many folks here are against the idea of pursuing IO?,58
Recommended readings on performance review content,9
Welp. I contacted my buddy from grad school. He still hasn't found anything even after 5 1/2 years....,33
general job analysis questions,3
AI agent for online data collection,0
"SIOP ""Consultant Locator"" Courtesies",5
I got Hogan Certified,5
I can't do clinical psychology 😭😭,13
Are Certifications Worth It?,12
"Bi-Weekly /r/IOpsychology Discussion - What have you been reading, and what do you think of it?",4
Is IO more of a focus on Human Resources or Psychology,20
What are some of the must-read classic articles in the field of organizational behavior?,16
“Optional” Performance Feedback?,3
Are data analyst certifications worth it?,18
Feeling Stuck/Unhireable,33
"US Executive Order calls for ending ""disparate impact liability""",142
Good resources to recap on survey item analysis?,2
Sources For Salary Negotiation?,10
Thoughts on this? I recently used ChatGPT to help me create job descriptions. It felt like cheating!,0
ChatGPT has become an IO psychologist,13
I/O Psychology job opportunities in India,2
I/O Psychology folks from India!,12
for phds.. regrets on doing a phd?,29
Consulting &amp; I/O,9
